www.india.gov.in,values
https://www.india.gov.in/india-glance/travel-agents,False
https://www.india.gov.in/topics/foreign-affairs,False
https://www.india.gov.in/my-government/whos-who/president,False
https://www.india.gov.in/topics/labour-employment,False
https://www.india.gov.in/my-government/government-directory,False
https://www.india.gov.in/my-government/documents,False
https://www.india.gov.in/official-website-indian-national-centre-ocean-information-services,False
https://www.india.gov.in/india-glance/where-stay,False
https://www.india.gov.in/topics/communications-it,False
https://www.india.gov.in/news_lists?a933265259,False
https://www.india.gov.in/india-glance/national-symbols,False
https://www.india.gov.in/website-planning-commission,False
https://www.india.gov.in/topics/governance-administration,False
https://www.india.gov.in/topics/art-culture,False
https://www.india.gov.in/sitemap,False
https://www.india.gov.in/help,False
https://www.india.gov.in/topics/travel-tourism,False
https://www.india.gov.in/topics/travel-tourism/modes-travel,False
https://www.india.gov.in/india-glance/natural-wonders,False
https://www.india.gov.in/about-portal,False
https://www.india.gov.in/tell-friend,False
https://www.india.gov.in/spotlight/amrit-bharat-station-scheme,False
https://www.india.gov.in/information-schemes-animal-husbandry,False
https://www.india.gov.in/topics/transport,False
https://www.india.gov.in/my-government/indian-parliament,False
https://www.india.gov.in/topics/education,False
https://www.india.gov.in/my-government/whos-who/vice-president,False
https://www.india.gov.in/topics/power-energy,False
https://www.india.gov.in/my-government/whos-who,False
https://www.india.gov.in/india-glance/profile,False
https://www.india.gov.in/topics/commerce,False
https://www.india.gov.in/gsearch?s=Pan%20card,False
https://www.india.gov.in/mygov/events,False
https://www.india.gov.in/visitor-summary,False
https://www.india.gov.in/topics/information-broadcasting,False
https://www.india.gov.in/my-government/whos-who/chiefs-armed-forces,False
https://www.india.gov.in/topics/rural,False
https://www.india.gov.in/india-glance/districts-india,False
https://www.india.gov.in/my-government,False
https://www.india.gov.in/topics/infrastructure,False
https://www.india.gov.in/topics/industries,False
https://www.india.gov.in/india-glance,False
https://www.india.gov.in/official-website-bharat-wagon-and-engineering-company-limited,False
https://www.india.gov.in/feedback,False
https://www.india.gov.in/spotlight/sahkar-se-samriddhi-scheme,False
https://www.india.gov.in/home?qt-_none_=0#qt-_none_,False
https://www.india.gov.in/gsearch?s=Birth%20Certificate,False
https://www.india.gov.in/topics/environment-forest,False
https://www.india.gov.in/india-glance/people-and-lifestyle,False
https://www.india.gov.in/,False
https://www.india.gov.in/user/register,False
https://www.india.gov.in/people-groups,False
https://www.india.gov.in/website-policy,False
https://www.india.gov.in/gsearch?s=Driving%20Licence,False
https://www.india.gov.in/link-us,False
https://www.india.gov.in/people-groups/life-cycle,False
https://www.india.gov.in/topics/finance-taxes,False
https://www.india.gov.in/my-government/whos-who/council-ministers,False
https://www.india.gov.in/my-government/whos-who/members-parliament,False
https://www.india.gov.in/topics,False
https://www.india.gov.in/people-groups/community,False
https://www.india.gov.in/contact-us,False
https://www.india.gov.in/my-government/whos-who/prime-minister,False
https://www.india.gov.in/user/login,False
https://www.india.gov.in/india-glance/places-visit,False
https://www.india.gov.in/topics/agriculture,False
https://www.india.gov.in/topics/youth-sports,False
https://www.india.gov.in/topics/defence,False
https://www.india.gov.in/my-government/constitution-india,False
https://www.india.gov.in/#,False
https://www.india.gov.in/topics/food-public-distribution,False
https://www.india.gov.in/india-glance/states-india,False
https://www.india.gov.in/my-government/schemes,False
https://www.india.gov.in/newsletters,False
https://www.india.gov.in/official-website-indian-institute-geomagnetism,False
https://www.india.gov.in/department-social-welfare-women-and-child-development-arunachal-pradesh,False
https://www.india.gov.in/spotlight,False
https://www.india.gov.in/topics/social-development,False
https://www.india.gov.in/calendar?a=1694499448749,False
https://www.india.gov.in/topics/science-technology,False
https://www.india.gov.in/topics/home-affairs-enforcement,False
https://www.india.gov.in/my-government/publications,False
https://www.india.gov.in/topics/law-justice,False
https://www.india.gov.in/india-glance/culture-heritage,False
https://www.india.gov.in/topics/housing,False
https://www.india.gov.in/topics/health-family-welfare,False
https://www.india.gov.in/official-website-himalayan-forest-research-institute,False
